Symbol,YdayVol,Avg10dVol,OpenVol,13:07
360ONE,366010,953239,1393468,1393468
ABB,718380,462101,163711,163711
ABCAPITAL,3928195,4983522,1522786,1522786
ADANIENSOL,845598,2128875,549997,549997
ADANIENT,854172,1100870,589895,589895
ADANIGREEN,3037528,2986376,736364,736364
ADANIPORTS,1099071,2770968,968043,968043
ADANIPOWER,11392298,21236912,10160791,10160791
ALKEM,122664,101291,53653,53653
AMBER,248625,202286,158327,158327
AMBUJACEM,3648798,2635762,4922028,4922028
ANGELONE,5039236,6036795,2403538,2403538
APLAPOLLO,627555,817622,325723,325723
APOLLOHOSP,259286,200533,187381,187381
ASHOKLEY,15240052,19360800,21359064,21359064
ASIANPAINT,820097,1269807,265696,265696
ASTRAL,245864,504112,272465,272465
AUBANK,1367532,1961062,584839,584839
AUROPHARMA,2243122,1053078,822436,822436
AXISBANK,5694891,7363438,2306438,2306438
BAJAJ-AUTO,281232,562591,194859,194859
BAJAJFINSV,1959197,1610607,1829434,1829434
BAJAJHLDNG,46101,65350,24519,24519
BAJFINANCE,9437990,12585021,2994140,2994140
BANDHANBNK,8403143,30462375,3945604,3945604
BANKBARODA,4143561,8587357,4914716,4914716
BANKINDIA,8509334,9836623,4675111,4675111
BDL,422213,559479,315208,315208
BEL,10632551,15407999,5926286,5926286
BHARATFORG,596791,690377,554541,554541
BHARTIARTL,4977391,5576499,9249813,9249813
BHEL,4709584,7766878,3473330,3473330
BIOCON,2478487,3578341,1442295,1442295
BLUESTARCO,866482,278082,200832,200832
BOSCHLTD,14910,24053,86258,86258
BPCL,5331584,6644420,1695525,1695525
BRITANNIA,201410,263146,206450,206450
BSE,2817947,2267838,4892217,4892217
CAMS,4699513,1393140,1035688,1035688
CANBK,21657270,22810796,13635354,13635354
CDSL,1929942,1262348,677137,677137
CGPOWER,8524215,5711855,1404755,1404755
CHOLAFIN,1345656,2011034,495016,495016
CIPLA,947279,1767995,450777,450777
COALINDIA,4057342,8506327,2773234,2773234
COCHINSHIP,758781,887111,297718,297718
COFORGE,1189895,4572139,1583729,1583729
COLPAL,515125,485341,158816,158816
CONCOR,1523968,3089478,1096126,1096126
CROMPTON,1873396,3061223,1056509,1056509
CUMMINSIND,146209,322831,195700,195700
DABUR,6370534,2797412,1646549,1646549
DALBHARAT,226772,294296,64746,64746
DELHIVERY,3336754,3570286,1544796,1544796
DIVISLAB,1798150,648310,200386,200386
DIXON,300730,380765,321967,321967
DLF,7016514,3324568,3764591,3764591
DMART,448874,736156,218307,218307
DRREDDY,2165315,2521667,873611,873611
EICHERMOT,599769,641695,267828,267828
ETERNAL,16096034,44809751,7062384,7062384
FEDERALBNK,5569382,5065529,2236124,2236124
FORCEMOT,75092,116907,66443,66443
FORTIS,1509985,965091,895398,895398
GAIL,18131149,15598896,7500973,7500973
GLENMARK,444946,619190,211579,211579
GMRAIRPORT,6839743,11454441,5107102,5107102
GODFRYPHLP,2227258,1061015,348408,348408
GODREJCP,615866,489497,727600,727600
GODREJPROP,1202012,766595,1556996,1556996
GRASIM,770936,379977,421142,421142
GVT&D,758352,1146121,358975,358975
HAL,686746,647427,364378,364378
HAVELLS,1214090,1019776,702797,702797
HCLTECH,3013543,3247154,1897690,1897690
HDFCAMC,1035685,665699,281574,281574
HDFCBANK,31559802,27153536,33029469,33029469
HDFCLIFE,9286204,3743432,6450810,6450810
HEROMOTOCO,1013842,881133,430977,430977
HINDALCO,7690755,4522963,2826610,2826610
HINDPETRO,4974075,7228215,4052749,4052749
HINDUNILVR,1657094,2584411,566816,566816
HINDZINC,5784368,3500335,5280680,5280680
HYUNDAI,760246,1181082,220703,220703
ICICIBANK,11458963,11463537,6077991,6077991
ICICIGI,427517,861055,2121757,2121757
ICICIPRULI,5351839,1846440,485674,485674
IDEA,308781891,306616103,131291670,131291670
IDFCFIRSTB,12931033,34857462,8596062,8596062
IEX,4937910,8852547,1466030,1466030
INDHOTEL,1481783,2121268,1329689,1329689
INDIANB,885832,1243576,1008786,1008786
INDIGO,618644,1117774,670566,670566
INDUSINDBK,887652,2959724,610976,610976
INDUSTOWER,3918825,4075977,1680525,1680525
INFY,9243589,18362944,4478062,4478062
INOXWIND,8427344,11816964,4522411,4522411
IOC,7539898,9438050,6202336,6202336
IREDA,16002448,5357998,5068933,5068933
IRFC,6727736,8682154,5017940,5017940
ITC,12689243,20547946,6280358,6280358
JINDALSTEL,822310,1131360,284888,284888
JIOFIN,24776731,22412814,14753952,14753952
JSWENERGY,1555497,1891469,934241,934241
JSWSTEEL,1475041,1833380,1048137,1048137
JUBLFOOD,2099849,2101414,6223050,6223050
KALYANKJIL,28511014,25842181,15602545,15602545
KAYNES,916015,1660392,1036595,1036595
KEI,3728753,595756,640581,640581
KFINTECH,790186,2007797,285724,285724
KOTAKBANK,9131231,11746497,7039059,7039059
KPITTECH,2143138,8385014,870131,870131
LAURUSLABS,1405192,2855659,1311876,1311876
LICHSGFIN,2191300,1278949,675430,675430
LICI,52718651,6518022,28429085,28429085
LODHA,912671,3869799,1075057,1075057
LT,1827982,1831529,1265070,1265070
LTF,5387646,5658991,3345190,3345190
LTM,316156,561347,94302,94302
LUPIN,1169093,1052332,804554,804554
M&M,2450782,3039622,1184493,1184493
MANAPPURAM,8392284,6544399,7554766,7554766
MANKIND,346444,546529,50709,50709
MARICO,2333652,2080825,2722586,2722586
MARUTI,619717,492322,184925,184925
MAXHEALTH,1492388,1432278,644415,644415
MAZDOCK,459020,642383,334236,334236
MCX,1513020,1277518,3945579,3945579
MFSL,500008,690660,336514,336514
MOTHERSON,26900441,16075692,11330751,11330751
MOTILALOFS,797586,2215382,319064,319064
MPHASIS,423329,821178,692337,692337
MUTHOOTFIN,1372471,1584256,911156,911156
NAM-INDIA,1990516,1117866,1556414,1556414
NATIONALUM,15775994,6607494,5938315,5938315
NAUKRI,937278,2011308,844256,844256
NBCC,4304105,5801581,2888607,2888607
NESTLEIND,4023569,3408754,2005675,2005675
NHPC,13752798,13363461,18887281,18887281
NMDC,19524046,15525010,11801996,11801996
NTPC,7201524,8455573,9936999,9936999
NYKAA,5155389,5252357,24274499,24274499
OBEROIRLTY,307429,247197,220308,220308
OFSS,257150,646771,175847,175847
OIL,603531,2649033,1830168,1830168
ONGC,10470809,11031121,12009174,12009174
PAGEIND,8626,23676,4274,4274
PATANJALI,5089623,6214674,1398019,1398019
PAYTM,6114443,3803338,1157618,1157618
PERSISTENT,464955,826183,231653,231653
PETRONET,1506784,1985187,433626,433626
PFC,8639728,6018220,3395335,3395335
PGEL,1299002,1621545,2399153,2399153
PHOENIXLTD,380365,780933,176259,176259
PIDILITIND,2924363,1385793,1262695,1262695
PIIND,276209,202360,134902,134902
PNB,7961139,12173239,7673127,7673127
PNBHOUSING,1412986,846710,4059591,4059591
POLICYBZR,643991,790503,323688,323688
POLYCAB,318448,316922,146874,146874
POWERGRID,7656558,8422928,4856207,4856207
POWERINDIA,77400,117376,36608,36608
PREMIERENE,1063672,1053282,215720,215720
PRESTIGE,614003,668155,230610,230610
RADICO,338977,607603,452966,452966
RBLBANK,2210039,5121545,3983668,3983668
RECLTD,3512873,4438046,2154923,2154923
RELIANCE,10759546,9821276,7831660,7831660
RVNL,4277319,4975928,1906464,1906464
SAIL,25348224,17738646,10366259,10366259
SBICARD,816319,1199738,409615,409615
SBILIFE,885610,945050,197894,197894
SBIN,8544184,9151434,6121088,6121088
SHREECEM,33488,27157,12969,12969
SHRIRAMFIN,3516949,6466080,3473569,3473569
SIEMENS,1107988,410416,209887,209887
SOLARINDS,53004,78658,36713,36713
SONACOMS,2517947,3836379,2193117,2193117
SRF,150758,824511,161647,161647
SUNPHARMA,3972351,3059449,1050883,1050883
SUPREMEIND,145252,207734,77115,77115
SUZLON,61548498,92976476,24948326,24948326
SWIGGY,14273970,30600546,6353489,6353489
TATACONSUM,2064394,1666459,694324,694324
TATAELXSI,162634,513570,92754,92754
TATAPOWER,2280780,3153414,859159,859159
TATASTEEL,22165429,20695567,8790172,8790172
TCS,2792792,4181502,1736226,1736226
TECHM,4154154,2772031,1131466,1131466
TIINDIA,430580,360534,237307,237307
TITAN,1181747,805872,353407,353407
TMPV,8003110,7605208,5226674,5226674
TORNTPHARM,658560,628858,333565,333565
TRENT,1525660,813013,456790,456790
TVSMOTOR,1612965,2066673,844483,844483
ULTRACEMCO,126569,283553,156485,156485
UNIONBANK,6867862,9764919,9024937,9024937
UNITDSPR,553258,1321587,291229,291229
UNOMINDA,2361917,955683,1459382,1459382
UPL,7452417,1876631,2243906,2243906
VBL,3152444,10455216,1239421,1239421
VEDL,14077888,8672716,8516715,8516715
VMM,12245621,12840127,3181101,3181101
VOLTAS,259054,451666,244793,244793
WAAREEENER,614626,1261923,249779,249779
WIPRO,11903457,19344328,5961720,5961720
YESBANK,41667544,61573648,48647589,48647589
ZYDUSLIFE,1085433,983968,742734,742734
